Workbook
Name Slicer_Department_Name: #N/A
Name Slicer_Employment_Status2: #N/A
Name Slicer_Year_of_Service: #N/A

Sheet Raw_Employee_Data
A1: Emp ID | B1: First_Name | C1: Last_Name | D1: Dept Code | E1: Hire Date | F1: Salary | G1: Perf_Score | H1: Employment Status
A2: EMP127 | B2: Emily | C2: Brown | D2: IT02 | E2: 43093 | F2: 50361 | G2: 52 | H2: active
A3: EMP046 | B3: Richard | C3: Hernandez | D3: MKT04 | E3: 44659 | F3: 112673 | H3: ACTIVE
A4: EMP134 | B4: Emily | C4: Gonzalez | D4: IT02 | E4: 42431 | F4: $114,425 | G4: 54 | H4: LEFT
A5: EMP139 | B5: John | C5: Martinez | D5: FIN03 | E5: 45110 | F5: 103831 | G5: 70 | H5: active
A6: EMP112 | B6: Thomas | C6: Smith | D6: IT02 | E6: 44977 | F6: 73785 | G6: 40 | H6: Left
A7: EMP030 | B7: Emily | C7: Johnson | D7: OPS06 | E7: 02-Mar-20 | F7: 115882 | G7: 49 | H7: ACTIVE
A8: EMP096 | B8: John | C8: Wilson | D8: OPS06 | E8: 45272 | F8: 59980 | G8: 70 | H8: Left
A9: EMP098 | B9: Jessica | C9: Smith | D9: OPS06 | E9: 44174 | F9: 68728 | G9: 45 | H9: ACTIVE
A10: EMP095 | C10: Rodriguez | D10: FIN03 | E10: 43107 | F10: 102139 | G10: 79 | H10: active
A11: EMP140 | B11: Michael | C11: Martinez | D11: SAL05 | E11: 42676 | F11: 94998 | G11: 58 | H11: Active
A12: EMP020 | B12: Emily | C12: Miller | D12: sal05 | E12: 43911 | F12: $118,635 | G12: 49 | H12: Active
A13: EMP057 | B13: Emily | C13: Hernandez | D13: IT02 | E13: 42425 | F13: 76918 | G13: 62 | H13: Actv
A14: EMP016 | B14: Jane | C14: Williams | D14: mkt04 | E14: 17-Jun-21 | F14: 61408 | G14: 48 | H14: ACTIVE
A15: EMP070 | B15: Jane | C15: Miller | D15: MKT04 | E15: 44001 | F15: 99990 | G15: 54 | H15: Actv
A16: EMP025 | B16: Robert | C16: Jones | D16: MKT04 | E16: 43820 | F16: 80385 | H16: active
A17: EMP031 | B17: Thomas | C17: Rodriguez | D17: SAL05 | E17: 45169 | F17: 65290 | G17: 77 | H17: active
A18: EMP126 | B18: Emily | C18: Davis | D18: IT02 | E18: 42337 | F18: 105765 | G18: 42 | H18: Active
A19: EMP109 | B19: James | C19: Martinez | D19: SAL05 | E19: 42899 | F19: 102921 | G19: 49 | H19: ACTIVE
A20: EMP057 | B20: Emily | C20: Hernandez | D20: IT02 | E20: 42425 | F20: 76918 | G20: 62 | H20: Actv
A21: EMP066 | B21: Ashley | C21: Lopez | D21: MKT04 | E21: 43235 | F21: 73984 | G21: 93 | H21: Actv
A22: EMP120 | B22: Amanda | C22: Gonzalez | D22: IT02 | E22: 42575 | G22: 75 | H22: Actv
A23: EMP019 | B23: Michael | C23: Hernandez | D23: FIN03 | E23: 43076 | F23: 118527 | G23: 50 | H23: Actv
A24: EMP013 | B24: Richard | C24: Hernandez | D24: MKT04 | E24: 44353 | F24: 107871 | G24: 88 | H24: active
A25: EMP010 | B25: Michael | C25: Rodriguez | D25: IT02 | E25: 44815 | F25: 93956 | G25: 50 | H25: LEFT
A26: EMP032 | B26: Jessica | C26: Johnson | D26: FIN03 | E26: 42565 | F26: 100851 | G26: 64 | H26: ACTIVE
A27: EMP082 | B27: Ashley | C27: Williams | D27: SAL05 | E27: 44728 | F27: 68655 | G27: 32 | H27: active
A28: EMP052 | C28: Williams | D28: SAL05 | E28: 45134 | F28: 81205 | G28: 59 | H28: Actv
A29: EMP129 | B29: John | C29: Wilson | D29: SAL05 | E29: 09/24/2019 | F29: $77,610 | G29: 88 | H29: Actv
A30: EMP146 | B30: Thomas | C30: Rodriguez | D30: it02 | E30: 44765 | F30: $50,873 | G30: 90 | H30: Active
A31: EMP099 | B31: Michael | C31: Wilson | D31: fin03 | E31: 13-May-18 | F31: 85312 | G31: 66 | H31: active
A32: EMP015 | B32: John | C32: Rodriguez | D32: SAL05 | E32: 42202 | G32: 68 | H32: active
A33: EMP076 | B33: Thomas | C33: Hernandez | D33: OPS06 | E33: 05-Aug-15 | F33: 97055 | G33: 80 | H33: Actv
A34: EMP137 | B34: Michael | C34: Johnson | D34: IT02 | E34: 45195 | F34: 66069 | G34: 72 | H34: Actv
A35: EMP056 | B35: Sarah | C35: Brown | D35: it02 | E35: 10-Jun-19 | F35: 90157 | G35: 58 | H35: active
A36: EMP125 | B36: Jane | C36: Martinez | D36: HR01 | E36: 44578 | F36: 59899 | G36: 78 | H36: Actv
A37: EMP085 | B37: Emily | C37: Jones | D37: FIN03 | E37: 03-Jul-17 | F37: 113389 | G37: 30 | H37: ACTIVE
A38: EMP106 | C38: Brown | D38: IT02 | E38: 01-Sep-15 | F38: 102691 | G38: 52 | H38: Active
A39: EMP043 | B39: John | C39: Wilson | D39: OPS06 | E39: 03-Aug-22 | F39: 111845 | G39: 98 | H39: active
A40: EMP068 | B40: Melissa | C40: Brown | D40: SAL05 | E40: 06/29/2022 | F40: 69219 | G40: 93 | H40: Actv
A41: EMP128 | B41: Michael | C41: Smith | D41: FIN03 | E41: 43949 | G41: 80 | H41: left
A42: EMP027 | B42: Sarah | C42: Miller | D42: OPS06 | E42: 09/09/2017 | F42: 57514 | H42: active
A43: EMP136 | B43: Emily | C43: Wilson | D43: SAL05 | E43: 43181 | F43: 86245 | G43: 71 | H43: LEFT
A44: EMP079 | B44: David | C44: Hernandez | D44: SAL05 | E44: 43958 | F44: 52407 | G44: 55 | H44: active
A45: EMP149 | B45: James | C45: Smith | D45: OPS06 | E45: 43549 | F45: $66,606 | G45: 93 | H45: Resigned
A46: EMP037 | B46: Sarah | C46: Williams | D46: IT02 | E46: 43686 | F46: 81896 | G46: 79 | H46: Resigned
A47: EMP077 | B47: Amanda | C47: Lopez | D47: SAL05 | E47: 07/14/2016 | F47: 78402 | G47: 54 | H47: ACTIVE
A48: EMP023 | B48: Thomas | C48: Lopez | D48: OPS06 | E48: 42647 | F48: 105498 | G48: 76 | H48: active
A49: EMP133 | B49: Melissa | C49: Johnson | D49: MKT04 | E49: 10-Jul-19 | F49: 91749 | G49: 72 | H49: left
A50: EMP141 | B50: Amanda | C50: Johnson | D50: OPS06 | E50: 44437 | F50: 99935 | G50: 84 | H50: Resigned
A51: EMP012 | B51: John | C51: Davis | D51: IT02 | E51: 42761 | F51: 83531 | G51: 30 | H51: left
A52: EMP080 | B52: James | C52: Johnson | D52: mkt04 | E52: 43981 | F52: $75,023 | H52: ACTIVE
A53: EMP069 | B53: Jane | C53: Davis | D53: HR01 | E53: 44612 | F53: 93290 | G53: 53 | H53: ACTIVE
A54: EMP150 | B54: Richard | C54: Davis | D54: OPS06 | E54: 42628 | F54: 115527 | G54: 63 | H54: Resigned
A55: EMP028 | B55: Thomas | C55: Rodriguez | D55: FIN03 | E55: 10/07/2019 | F55: 55920 | G55: 84 | H55: Actv
A56: EMP087 | B56: Emily | C56: Johnson | D56: SAL05 | E56: 43464 | F56: 80189 | G56: 30 | H56: Active
A57: EMP119 | B57: Emily | C57: Garcia | D57: HR01 | E57: 44189 | F57: 118947 | G57: 96 | H57: active
A58: EMP042 | B58: Jane | C58: Anderson | D58: IT02 | E58: 45112 | G58: 54 | H58: Actv
A59: EMP005 | B59: Thomas | C59: Garcia | D59: OPS06 | E59: 44148 | G59: 75 | H59: Actv
A60: EMP033 | B60: David | C60: Martinez | D60: hr01 | E60: 02/07/2018 | F60: 91655 | G60: 95 | H60: Active
A61: EMP061 | B61: Emily | C61: Brown | D61: IT02 | E61: 45255 | F61: 49435 | H61: left
A62: EMP102 | B62: Emily | C62: Wilson | D62: sal05 | E62: 45217 | F62: 110381 | G62: 93 | H62: Active
A63: EMP067 | B63: Michael | C63: Anderson | D63: HR01 | E63: 44079 | F63: 114748 | G63: 33 | H63: active
A64: EMP017 | B64: Robert | C64: Johnson | D64: OPS06 | E64: 42800 | F64: 63302 | G64: 91 | H64: active
A65: EMP123 | B65: Robert | C65: Miller | D65: it02 | E65: 42122 | F65: $75,519 | G65: 64 | H65: active
A66: EMP011 | B66: Jane | C66: Davis | D66: FIN03 | E66: 42838 | F66: 103891 | G66: 80 | H66: active
A67: EMP091 | B67: Thomas | C67: Davis | D67: OPS06 | E67: 44827 | G67: 46 | H67: LEFT
A68: EMP145 | B68: Thomas | C68: Jones | D68: MKT04 | E68: 11/11/2016 | F68: $50,936 | G68: 99 | H68: active
A69: EMP001 | B69: Michael | C69: Miller | D69: SAL05 | E69: 24-Mar-17 | F69: $111,240 | H69: Actv
A70: EMP113 | B70: Richard | C70: Gonzalez | D70: HR01 | E70: 05-May-19 | F70: 51567 | G70: 87 | H70: Resigned
A71: EMP065 | B71: Melissa | C71: Williams | D71: HR01 | E71: 44402 | G71: 36 | H71: Active
A72: EMP045 | B72: Robert | C72: Miller | D72: HR01 | E72: 43008 | F72: 55270 | G72: 87 | H72: Actv
A73: EMP083 | B73: William | C73: Garcia | D73: SAL05 | E73: 42192 | F73: 65235 | G73: 97 | H73: ACTIVE
A74: EMP029 | B74: John | C74: Gonzalez | D74: SAL05 | E74: 43283 | G74: 72 | H74: LEFT
A75: EMP041 | B75: James | C75: Gonzalez | D75: sal05 | E75: 44819 | G75: 65 | H75: LEFT
A76: EMP017 | B76: Robert | C76: Johnson | D76: OPS06 | E76: 42800 | F76: 63302 | G76: 91 | H76: active
A77: EMP026 | B77: Jane | C77: Gonzalez | D77: SAL05 | E77: 42249 | G77: 67 | H77: Actv
A78: EMP024 | B78: David | C78: Wilson | D78: ops06 | E78: 11-Oct-16 | F78: 48823 | G78: 34 | H78: ACTIVE
A79: EMP111 | B79: Jane | C79: Gonzalez | D79: FIN03 | E79: 43575 | F79: 45196 | G79: 78 | H79: LEFT
A80: EMP040 | B80: Jane | C80: Rodriguez | D80: IT02 | E80: 02/19/2017 | F80: $86,246 | G80: 61 | H80: Actv
A81: EMP086 | B81: Emily | C81: Miller | D81: SAL05 | E81: 09/07/2021 | F81: 70359 | G81: 74 | H81: Left
A82: EMP124 | B82: Sarah | C82: Miller | D82: MKT04 | E82: 43599 | G82: 94 | H82: ACTIVE
A83: EMP076 | B83: Thomas | C83: Hernandez | D83: OPS06 | E83: 05-Aug-15 | F83: 97055 | G83: 80 | H83: Actv
A84: EMP132 | B84: Jessica | C84: Garcia | D84: OPS06 | E84: 42330 | F84: 86480 | H84: ACTIVE
A85: EMP048 | B85: Richard | C85: Smith | D85: hr01 | E85: 09/29/2018 | F85: $47,694 | G85: 75 | H85: ACTIVE
A86: EMP114 | B86: Melissa | C86: Wilson | D86: IT02 | E86: 45171 | F86: 83724 | G86: 81 | H86: Resigned
A87: EMP062 | B87: Thomas | C87: Williams | D87: FIN03 | E87: 44759 | F87: 98299 | G87: 61 | H87: Actv
A88: EMP074 | B88: David | C88: Williams | D88: FIN03 | E88: 07-Feb-21 | G88: 68 | H88: Actv
A89: EMP034 | B89: John | C89: Johnson | D89: it02 | E89: 10/04/2023 | F89: 52287 | G89: 70 | H89: active
A90: EMP105 | B90: Richard | C90: Gonzalez | D90: IT02 | E90: 44073 | F90: 82633 | G90: 98 | H90: ACTIVE
A91: EMP118 | B91: Melissa | C91: Anderson | D91: OPS06 | E91: 44422 | F91: 46508 | G91: 34 | H91: Active
A92: EMP063 | B92: Emily | C92: Gonzalez | D92: hr01 | E92: 27-Nov-19 | F92: 86232 | G92: 93 | H92: Active
A93: EMP094 | B93: Jane | C93: Davis | D93: it02 | E93: 25-May-17 | F93: $77,545 | G93: 48 | H93: Active
A94: EMP097 | B94: William | C94: Gonzalez | D94: OPS06 | E94: 43436 | F94: 68683 | G94: 90 | H94: Actv
A95: EMP054 | B95: Thomas | C95: Jones | D95: FIN03 | E95: 43639 | F95: 83932 | G95: 57 | H95: LEFT
A96: EMP006 | B96: Jessica | C96: Anderson | D96: HR01 | E96: 42304 | F96: 56073 | G96: 79 | H96: Active
A97: EMP110 | B97: Melissa | C97: Johnson | D97: IT02 | E97: 43270 | F97: $88,056 | G97: 66 | H97: Actv
A98: EMP147 | B98: Thomas | C98: Miller | D98: ops06 | E98: 43112 | F98: 67414 | G98: 84 | H98: Left
A99: EMP050 | B99: William | C99: Gonzalez | D99: SAL05 | E99: 42008 | F99: $115,288 | G99: 61 | H99: Actv
A100: EMP036 | C100: Smith | D100: SAL05 | E100: 43439 | F100: 80140 | G100: 58 | H100: Active
...

Sheet Lookup_Departments
A1: Dept_Code | B1: Department_Name
A2: HR01 | B2: Human Resources
A3: IT02 | B3: Information Technology
A4: FIN03 | B4: Finance
A5: MKT04 | B5: Marketing
A6: SAL05 | B6: Sales
A7: OPS06 | B7: Operations

Sheet Lookup_Performance
A1: Min_Score | B1: Max_Score | C1: Performance_Band | D1: Bonus_Percentage
A2: 0 | B2: 49 | C2: Needs Improvement | D2: 0
A3: 50 | B3: 69 | C3: Developing | D3: 0.02
A4: 70 | B4: 84 | C4: Achieving | D4: 0.05
A5: 85 | B5: 94 | C5: Exceeding | D5: 0.08
A6: 95 | B6: 100 | C6: Outstanding | D6: 0.12

Sheet HR Analysis
A2: 1. Total Headcount And Department Per Salary
A3: Row Labels | B3: Count of Emp ID | C3: Sum of Salary
A4: Finance | B4: 17 | C4: 1481950.8
A5: Human Resources | B5: 18 | C5: 1539652.9
A6: Information Technology | B6: 36 | C6: 2898461.7
A7: Marketing | B7: 19 | C7: 1622750.9 | H7: =GETPIVOTDATA("Sum of Salary",$A$3) -> 12540590
A8: Operations | B8: 29 | C8: 2321447.9
A9: Sales | B9: 31 | C9: 2676325.4
A10: Grand Total | B10: 150 | C10: 12540590 | D10: =GETPIVOTDATA("Count of Emp ID",$A$3) -> 150
A13: 2. Atrrition Rate By Department
A14: Count of Emp ID | B14: Column Labels
A15: Row Labels | B15: NO | C15: YES | D15: Grand Total
A16: Finance | B16: 0.82352941 | C16: 0.17647059 | D16: 1
A17: Human Resources | B17: 0.83333333 | C17: 0.16666667 | D17: 1
A18: Information Technology | B18: 0.77777778 | C18: 0.22222222 | D18: 1
A19: Marketing | B19: 0.84210526 | C19: 0.15789474 | D19: 1
A20: Operations | B20: 0.62068966 | C20: 0.37931034 | D20: 1
A21: Sales | B21: 0.80645161 | C21: 0.19354839 | D21: 1
A22: Grand Total | B22: 0.77333333 | C22: 0.22666667 | D22: 1 | E22: =GETPIVOTDATA("Emp ID",$A$14,"Attrition Rate","YES") -> 0.22666667
A26: 3. Performance By Status
A27: Row Labels | B27: Average of Perf_Score
A28: ACTIVE | B28: 60.275862
A29: LEFT | B29: 64.363636
A30: active | B30: 70.229885
A31: Left | B31: 67.769231
A32: Resigned | B32: 76.4
A33: Grand Total | B33: 68.073333
A37: 4. Bonus Payout
A38: Row Labels | B38: Sum of Eligible Bonus Amount
A39: Achieving | B39: 165216.93
A40: Developing | B40: 84593.269
A41: Exceeding | B41: 144689.43
A42: Needs Improvement | B42: 0
A43: Outstanding | B43: 92411.512
A44: Grand Total | B44: 486911.14 | C44: =GETPIVOTDATA("Eligible Bonus Amount",$A$38) -> 486911.14

Sheet Pivot Chart

Sheet HR_DASHBOARD

Sheet DB_Formula
A1: Emp ID | B1: First_Name | C1: Last_Name | D1: Dept Code | E1: Dept Code | F1: Department Name | G1: Hire Date | H1: Salary | I1: Perf_Score | J1: Perf_ Band | K1: Employment Status | L1: Employment Status | M1: Year of Service | N1: Bonus Percentage | O1: Eligible Bonus Amount | P1: Attrition Rate
A2: EMP127 | B2: Emily | C2: Brown | D2: IT02 | E2: =UPPER(TRIM(D2)) -> IT02 | F2: =_xlfn.XLOOKUP(E2,Lookup_Departments!A:A,Lookup_Departments!B:B) -> Information Technology | G2: 43093 | H2: 50361 | I2: 52 | J2: =_xlfn.XLOOKUP(I2,Lookup_Performance!A:A, Lookup_Performance!C:C, , -1) -> Developing | K2: active | L2: =UPPER(TRIM(K2)) -> ACTIVE | M2: =DATEDIF(G2, TODAY(), "Y") -> 8 | N2: =_xlfn.XLOOKUP(J:J,Lookup_Performance!C:C,Lookup_Performance!D:D, "Not Found") -> 0.02 | O2: =N2*H2 -> 1007.22 | P2: =IF(OR(ISNUMBER(SEARCH("LEFT",L2)), ISNUMBER(SEARCH("RESIGN", L2))), "YES", "NO") -> NO | Q2: =TRIM(UPPER(L4)) -> LEFT | R2: ="|"&L4&"|" -> |LEFT|
A3: EMP046 | B3: Richard | C3: Hernandez | D3: MKT04 | E3: =UPPER(TRIM(D3)) -> MKT04 | F3: =_xlfn.XLOOKUP(E3,Lookup_Departments!A:A,Lookup_Departments!B:B) -> Marketing | G3: 44659 | H3: 112673 | I3: 68 | J3: =_xlfn.XLOOKUP(I3,Lookup_Performance!A:A, Lookup_Performance!C:C, , -1) -> Developing | K3: ACTIVE | L3: =UPPER(TRIM(K3)) -> ACTIVE | M3: =DATEDIF(G3, TODAY(), "Y") -> 4 | N3: =_xlfn.XLOOKUP(J:J,Lookup_Performance!C:C,Lookup_Performance!D:D, "Not Found") -> 0.02 | O3: =N3*H3 -> 2253.46 | P3: =IF(OR(ISNUMBER(SEARCH("LEFT",L3)), ISNUMBER(SEARCH("RESIGN", L3))), "YES", "NO") -> NO
A4: EMP134 | B4: Emily | C4: Gonzalez | D4: IT02 | E4: =UPPER(TRIM(D4)) -> IT02 | F4: =_xlfn.XLOOKUP(E4,Lookup_Departments!A:A,Lookup_Departments!B:B) -> Information Technology | G4: 42431 | H4: 114425 | I4: 54 | J4: =_xlfn.XLOOKUP(I4,Lookup_Performance!A:A, Lookup_Performance!C:C, , -1) -> Developing | K4: LEFT | L4: =UPPER(TRIM(K4)) -> LEFT | M4: =DATEDIF(G4, TODAY(), "Y") -> 10 | N4: =_xlfn.XLOOKUP(J:J,Lookup_Performance!C:C,Lookup_Performance!D:D, "Not Found") -> 0.02 | O4: =N4*H4 -> 2288.5 | P4: =IF(OR(ISNUMBER(SEARCH("LEFT",L4)), ISNUMBER(SEARCH("RESIGN", L4))), "YES", "NO") -> YES
A5: EMP139 | B5: John | C5: Martinez | D5: FIN03 | E5: =UPPER(TRIM(D5)) -> FIN03 | F5: =_xlfn.XLOOKUP(E5,Lookup_Departments!A:A,Lookup_Departments!B:B) -> Finance | G5: 45110 | H5: 103831 | I5: 70 | J5: =_xlfn.XLOOKUP(I5,Lookup_Performance!A:A, Lookup_Performance!C:C, , -1) -> Achieving | K5: active | L5: =UPPER(TRIM(K5)) -> ACTIVE | M5: =DATEDIF(G5, TODAY(), "Y") -> 3 | N5: =_xlfn.XLOOKUP(J:J,Lookup_Performance!C:C,Lookup_Performance!D:D, "Not Found") -> 0.05 | O5: =N5*H5 -> 5191.55 | P5: =IF(OR(ISNUMBER(SEARCH("LEFT",L5)), ISNUMBER(SEARCH("RESIGN", L5))), "YES", "NO") -> NO
A6: EMP112 | B6: Thomas | C6: Smith | D6: IT02 | E6: =UPPER(TRIM(D6)) -> IT02 | F6: =_xlfn.XLOOKUP(E6,Lookup_Departments!A:A,Lookup_Departments!B:B) -> Information Technology | G6: 44977 | H6: 73785 | I6: 40 | J6: =_xlfn.XLOOKUP(I6,Lookup_Performance!A:A, Lookup_Performance!C:C, , -1) -> Needs Improvement | K6: Left | L6: =UPPER(TRIM(K6)) -> LEFT | M6: =DATEDIF(G6, TODAY(), "Y") -> 3 | N6: =_xlfn.XLOOKUP(J:J,Lookup_Performance!C:C,Lookup_Performance!D:D, "Not Found") -> 0 | O6: =N6*H6 -> 0 | P6: =IF(OR(ISNUMBER(SEARCH("LEFT",L6)), ISNUMBER(SEARCH("RESIGN", L6))), "YES", "NO") -> YES | Q6: =L4="LEFT" -> TRUE
A7: EMP030 | B7: Emily | C7: Johnson | D7: OPS06 | E7: =UPPER(TRIM(D7)) -> OPS06 | F7: =_xlfn.XLOOKUP(E7,Lookup_Departments!A:A,Lookup_Departments!B:B) -> Operations | G7: 43892 | H7: 115882 | I7: 49 | J7: =_xlfn.XLOOKUP(I7,Lookup_Performance!A:A, Lookup_Performance!C:C, , -1) -> Needs Improvement | K7: ACTIVE | L7: =UPPER(TRIM(K7)) -> ACTIVE | M7: =DATEDIF(G7, TODAY(), "Y") -> 6 | N7: =_xlfn.XLOOKUP(J:J,Lookup_Performance!C:C,Lookup_Performance!D:D, "Not Found") -> 0 | O7: =N7*H7 -> 0 | P7: =IF(OR(ISNUMBER(SEARCH("LEFT",L7)), ISNUMBER(SEARCH("RESIGN", L7))), "YES", "NO") -> NO
A8: EMP096 | B8: John | C8: Wilson | D8: OPS06 | E8: =UPPER(TRIM(D8)) -> OPS06 | F8: =_xlfn.XLOOKUP(E8,Lookup_Departments!A:A,Lookup_Departments!B:B) -> Operations | G8: 45272 | H8: 59980 | I8: 70 | J8: =_xlfn.XLOOKUP(I8,Lookup_Performance!A:A, Lookup_Performance!C:C, , -1) -> Achieving | K8: Left | L8: =UPPER(TRIM(K8)) -> LEFT | M8: =DATEDIF(G8, TODAY(), "Y") -> 2 | N8: =_xlfn.XLOOKUP(J:J,Lookup_Performance!C:C,Lookup_Performance!D:D, "Not Found") -> 0.05 | O8: =N8*H8 -> 2999 | P8: =IF(OR(ISNUMBER(SEARCH("LEFT",L8)), ISNUMBER(SEARCH("RESIGN", L8))), "YES", "NO") -> YES
A9: EMP098 | B9: Jessica | C9: Smith | D9: OPS06 | E9: =UPPER(TRIM(D9)) -> OPS06 | F9: =_xlfn.XLOOKUP(E9,Lookup_Departments!A:A,Lookup_Departments!B:B) -> Operations | G9: 44174 | H9: 68728 | I9: 45 | J9: =_xlfn.XLOOKUP(I9,Lookup_Performance!A:A, Lookup_Performance!C:C, , -1) -> Needs Improvement | K9: ACTIVE | L9: =UPPER(TRIM(K9)) -> ACTIVE | M9: =DATEDIF(G9, TODAY(), "Y") -> 5 | N9: =_xlfn.XLOOKUP(J:J,Lookup_Performance!C:C,Lookup_Performance!D:D, "Not Found") -> 0 | O9: =N9*H9 -> 0 | P9: =IF(OR(ISNUMBER(SEARCH("LEFT",L9)), ISNUMBER(SEARCH("RESIGN", L9))), "YES", "NO") -> NO
A10: EMP095 | B10: =B9 -> Jessica | C10: Rodriguez | D10: FIN03 | E10: =UPPER(TRIM(D10)) -> FIN03 | F10: =_xlfn.XLOOKUP(E10,Lookup_Departments!A:A,Lookup_Departments!B:B) -> Finance | G10: 43107 | H10: 102139 | I10: 79 | J10: =_xlfn.XLOOKUP(I10,Lookup_Performance!A:A, Lookup_Performance!C:C, , -1) -> Achieving | K10: active | L10: =UPPER(TRIM(K10)) -> ACTIVE | M10: =DATEDIF(G10, TODAY(), "Y") -> 8 | N10: =_xlfn.XLOOKUP(J:J,Lookup_Performance!C:C,Lookup_Performance!D:D, "Not Found") -> 0.05 | O10: =N10*H10 -> 5106.95 | P10: =IF(OR(ISNUMBER(SEARCH("LEFT",L10)), ISNUMBER(SEARCH("RESIGN", L10))), "YES", "NO") -> NO
A11: EMP140 | B11: Michael | C11: Martinez | D11: SAL05 | E11: =UPPER(TRIM(D11)) -> SAL05 | F11: =_xlfn.XLOOKUP(E11,Lookup_Departments!A:A,Lookup_Departments!B:B) -> Sales | G11: 42676 | H11: 94998 | I11: 58 | J11: =_xlfn.XLOOKUP(I11,Lookup_Performance!A:A, Lookup_Performance!C:C, , -1) -> Developing | K11: Active | L11: =UPPER(TRIM(K11)) -> ACTIVE | M11: =DATEDIF(G11, TODAY(), "Y") -> 9 | N11: =_xlfn.XLOOKUP(J:J,Lookup_Performance!C:C,Lookup_Performance!D:D, "Not Found") -> 0.02 | O11: =N11*H11 -> 1899.96 | P11: =IF(OR(ISNUMBER(SEARCH("LEFT",L11)), ISNUMBER(SEARCH("RESIGN", L11))), "YES", "NO") -> NO | Q11: =LEN(L4) -> 4
A12: EMP020 | B12: Emily | C12: Miller | D12: sal05 | E12: =UPPER(TRIM(D12)) -> SAL05 | F12: =_xlfn.XLOOKUP(E12,Lookup_Departments!A:A,Lookup_Departments!B:B) -> Sales | G12: 43911 | H12: 118635 | I12: 49 | J12: =_xlfn.XLOOKUP(I12,Lookup_Performance!A:A, Lookup_Performance!C:C, , -1) -> Needs Improvement | K12: Active | L12: =UPPER(TRIM(K12)) -> ACTIVE | M12: =DATEDIF(G12, TODAY(), "Y") -> 6 | N12: =_xlfn.XLOOKUP(J:J,Lookup_Performance!C:C,Lookup_Performance!D:D, "Not Found") -> 0 | O12: =N12*H12 -> 0 | P12: =IF(OR(ISNUMBER(SEARCH("LEFT",L12)), ISNUMBER(SEARCH("RESIGN", L12))), "YES", "NO") -> NO
A13: EMP057 | B13: Emily | C13: Hernandez | D13: IT02 | E13: =UPPER(TRIM(D13)) -> IT02 | F13: =_xlfn.XLOOKUP(E13,Lookup_Departments!A:A,Lookup_Departments!B:B) -> Information Technology | G13: 42425 | H13: 76918 | I13: 62 | J13: =_xlfn.XLOOKUP(I13,Lookup_Performance!A:A, Lookup_Performance!C:C, , -1) -> Developing | K13: Active | L13: =UPPER(TRIM(K13)) -> ACTIVE | M13: =DATEDIF(G13, TODAY(), "Y") -> 10 | N13: =_xlfn.XLOOKUP(J:J,Lookup_Performance!C:C,Lookup_Performance!D:D, "Not Found") -> 0.02 | O13: =N13*H13 -> 1538.36 | P13: =IF(OR(ISNUMBER(SEARCH("LEFT",L13)), ISNUMBER(SEARCH("RESIGN", L13))), "YES", "NO") -> NO
A14: EMP016 | B14: Jane | C14: Williams | D14: mkt04 | E14: =UPPER(TRIM(D14)) -> MKT04 | F14: =_xlfn.XLOOKUP(E14,Lookup_Departments!A:A,Lookup_Departments!B:B) -> Marketing | G14: 44364 | H14: 61408 | I14: 48 | J14: =_xlfn.XLOOKUP(I14,Lookup_Performance!A:A, Lookup_Performance!C:C, , -1) -> Needs Improvement | K14: ACTIVE | L14: =UPPER(TRIM(K14)) -> ACTIVE | M14: =DATEDIF(G14, TODAY(), "Y") -> 5 | N14: =_xlfn.XLOOKUP(J:J,Lookup_Performance!C:C,Lookup_Performance!D:D, "Not Found") -> 0 | O14: =N14*H14 -> 0 | P14: =IF(OR(ISNUMBER(SEARCH("LEFT",L14)), ISNUMBER(SEARCH("RESIGN", L14))), "YES", "NO") -> NO
A15: EMP070 | B15: Jane | C15: Miller | D15: MKT04 | E15: =UPPER(TRIM(D15)) -> MKT04 | F15: =_xlfn.XLOOKUP(E15,Lookup_Departments!A:A,Lookup_Departments!B:B) -> Marketing | G15: 44001 | H15: 99990 | I15: 54 | J15: =_xlfn.XLOOKUP(I15,Lookup_Performance!A:A, Lookup_Performance!C:C, , -1) -> Developing | K15: Active | L15: =UPPER(TRIM(K15)) -> ACTIVE | M15: =DATEDIF(G15, TODAY(), "Y") -> 6 | N15: =_xlfn.XLOOKUP(J:J,Lookup_Performance!C:C,Lookup_Performance!D:D, "Not Found") -> 0.02 | O15: =N15*H15 -> 1999.8 | P15: =IF(OR(ISNUMBER(SEARCH("LEFT",L15)), ISNUMBER(SEARCH("RESIGN", L15))), "YES", "NO") -> NO
A16: EMP025 | B16: Robert | C16: Jones | D16: MKT04 | E16: =UPPER(TRIM(D16)) -> MKT04 | F16: =_xlfn.XLOOKUP(E16,Lookup_Departments!A:A,Lookup_Departments!B:B) -> Marketing | G16: 43820 | H16: 80385 | I16: 68 | J16: =_xlfn.XLOOKUP(I16,Lookup_Performance!A:A, Lookup_Performance!C:C, , -1) -> Developing | K16: active | L16: =UPPER(TRIM(K16)) -> ACTIVE | M16: =DATEDIF(G16, TODAY(), "Y") -> 6 | N16: =_xlfn.XLOOKUP(J:J,Lookup_Performance!C:C,Lookup_Performance!D:D, "Not Found") -> 0.02 | O16: =N16*H16 -> 1607.7 | P16: =IF(OR(ISNUMBER(SEARCH("LEFT",L16)), ISNUMBER(SEARCH("RESIGN", L16))), "YES", "NO") -> NO
A17: EMP031 | B17: Thomas | C17: Rodriguez | D17: SAL05 | E17: =UPPER(TRIM(D17)) -> SAL05 | F17: =_xlfn.XLOOKUP(E17,Lookup_Departments!A:A,Lookup_Departments!B:B) -> Sales | G17: 45169 | H17: 65290 | I17: 77 | J17: =_xlfn.XLOOKUP(I17,Lookup_Performance!A:A, Lookup_Performance!C:C, , -1) -> Achieving | K17: active | L17: =UPPER(TRIM(K17)) -> ACTIVE | M17: =DATEDIF(G17, TODAY(), "Y") -> 2 | N17: =_xlfn.XLOOKUP(J:J,Lookup_Performance!C:C,Lookup_Performance!D:D, "Not Found") -> 0.05 | O17: =N17*H17 -> 3264.5 | P17: =IF(OR(ISNUMBER(SEARCH("LEFT",L17)), ISNUMBER(SEARCH("RESIGN", L17))), "YES", "NO") -> NO
A18: EMP126 | B18: Emily | C18: Davis | D18: IT02 | E18: =UPPER(TRIM(D18)) -> IT02 | F18: =_xlfn.XLOOKUP(E18,Lookup_Departments!A:A,Lookup_Departments!B:B) -> Information Technology | G18: 42337 | H18: 105765 | I18: 42 | J18: =_xlfn.XLOOKUP(I18,Lookup_Performance!A:A, Lookup_Performance!C:C, , -1) -> Needs Improvement | K18: Active | L18: =UPPER(TRIM(K18)) -> ACTIVE | M18: =DATEDIF(G18, TODAY(), "Y") -> 10 | N18: =_xlfn.XLOOKUP(J:J,Lookup_Performance!C:C,Lookup_Performance!D:D, "Not Found") -> 0 | O18: =N18*H18 -> 0 | P18: =IF(OR(ISNUMBER(SEARCH("LEFT",L18)), ISNUMBER(SEARCH("RESIGN", L18))), "YES", "NO") -> NO
A19: EMP109 | B19: James | C19: Martinez | D19: SAL05 | E19: =UPPER(TRIM(D19)) -> SAL05 | F19: =_xlfn.XLOOKUP(E19,Lookup_Departments!A:A,Lookup_Departments!B:B) -> Sales | G19: 42899 | H19: 102921 | I19: 49 | J19: =_xlfn.XLOOKUP(I19,Lookup_Performance!A:A, Lookup_Performance!C:C, , -1) -> Needs Improvement | K19: ACTIVE | L19: =UPPER(TRIM(K19)) -> ACTIVE | M19: =DATEDIF(G19, TODAY(), "Y") -> 9 | N19: =_xlfn.XLOOKUP(J:J,Lookup_Performance!C:C,Lookup_Performance!D:D, "Not Found") -> 0 | O19: =N19*H19 -> 0 | P19: =IF(OR(ISNUMBER(SEARCH("LEFT",L19)), ISNUMBER(SEARCH("RESIGN", L19))), "YES", "NO") -> NO
A20: EMP066 | B20: Emily | C20: Lopez | D20: MKT04 | E20: =UPPER(TRIM(D20)) -> MKT04 | F20: =_xlfn.XLOOKUP(E20,Lookup_Departments!A:A,Lookup_Departments!B:B) -> Marketing | G20: 43235 | H20: 73984 | I20: 93 | J20: =_xlfn.XLOOKUP(I20,Lookup_Performance!A:A, Lookup_Performance!C:C, , -1) -> Exceeding | K20: Active | L20: =UPPER(TRIM(K20)) -> ACTIVE | M20: =DATEDIF(G20, TODAY(), "Y") -> 8 | N20: =_xlfn.XLOOKUP(J:J,Lookup_Performance!C:C,Lookup_Performance!D:D, "Not Found") -> 0.08 | O20: =N20*H20 -> 5918.72 | P20: =IF(OR(ISNUMBER(SEARCH("LEFT",L20)), ISNUMBER(SEARCH("RESIGN", L20))), "YES", "NO") -> NO
A21: EMP120 | B21: Ashley | C21: Gonzalez | D21: IT02 | E21: =UPPER(TRIM(D21)) -> IT02 | F21: =_xlfn.XLOOKUP(E21,Lookup_Departments!A:A,Lookup_Departments!B:B) -> Information Technology | G21: 42575 | H21: 83603.93 | I21: 75 | J21: =_xlfn.XLOOKUP(I21,Lookup_Performance!A:A, Lookup_Performance!C:C, , -1) -> Achieving | K21: Active | L21: =UPPER(TRIM(K21)) -> ACTIVE | M21: =DATEDIF(G21, TODAY(), "Y") -> 9 | N21: =_xlfn.XLOOKUP(J:J,Lookup_Performance!C:C,Lookup_Performance!D:D, "Not Found") -> 0.05 | O21: =N21*H21 -> 4180.1965 | P21: =IF(OR(ISNUMBER(SEARCH("LEFT",L21)), ISNUMBER(SEARCH("RESIGN", L21))), "YES", "NO") -> NO
A22: EMP019 | B22: Amanda | C22: Hernandez | D22: FIN03 | E22: =UPPER(TRIM(D22)) -> FIN03 | F22: =_xlfn.XLOOKUP(E22,Lookup_Departments!A:A,Lookup_Departments!B:B) -> Finance | G22: 43076 | H22: 118527 | I22: 50 | J22: =_xlfn.XLOOKUP(I22,Lookup_Performance!A:A, Lookup_Performance!C:C, , -1) -> Developing | K22: Active | L22: =UPPER(TRIM(K22)) -> ACTIVE | M22: =DATEDIF(G22, TODAY(), "Y") -> 8 | N22: =_xlfn.XLOOKUP(J:J,Lookup_Performance!C:C,Lookup_Performance!D:D, "Not Found") -> 0.02 | O22: =N22*H22 -> 2370.54 | P22: =IF(OR(ISNUMBER(SEARCH("LEFT",L22)), ISNUMBER(SEARCH("RESIGN", L22))), "YES", "NO") -> NO
A23: EMP013 | B23: Michael | C23: Hernandez | D23: MKT04 | E23: =UPPER(TRIM(D23)) -> MKT04 | F23: =_xlfn.XLOOKUP(E23,Lookup_Departments!A:A,Lookup_Departments!B:B) -> Marketing | G23: 44353 | H23: 107871 | I23: 88 | J23: =_xlfn.XLOOKUP(I23,Lookup_Performance!A:A, Lookup_Performance!C:C, , -1) -> Exceeding | K23: active | L23: =UPPER(TRIM(K23)) -> ACTIVE | M23: =DATEDIF(G23, TODAY(), "Y") -> 5 | N23: =_xlfn.XLOOKUP(J:J,Lookup_Performance!C:C,Lookup_Performance!D:D, "Not Found") -> 0.08 | O23: =N23*H23 -> 8629.68 | P23: =IF(OR(ISNUMBER(SEARCH("LEFT",L23)), ISNUMBER(SEARCH("RESIGN", L23))), "YES", "NO") -> NO
... A27: EMP052 | B27: Ashley | C27: Williams | D27: SAL05 | E27: =UPPER(TRIM(D27)) -> SAL05 | F27: =_xlfn.XLOOKUP(E27,Lookup_Departments!A:A,Lookup_Departments!B:B) -> Sales | G27: 45134 | H27: 81205 | I27: 59 | J27: =_xlfn.XLOOKUP(I27,Lookup_Performance!A:A, Lookup_Performance!C:C, , -1) -> Developing | K27: Active | L27: =UPPER(TRIM(K27)) -> ACTIVE | M27: =DATEDIF(G27, TODAY(), "Y") -> 2 | N27: =_xlfn.XLOOKUP(J:J,Lookup_Performance!C:C,Lookup_Performance!D:D, "Not Found") -> 0.02 | O27: =N27*H27 -> 1624.1 | P27: =IF(OR(ISNUMBER(SEARCH("LEFT",L27)), ISNUMBER(SEARCH("RESIGN", L27))), "YES", "NO") -> NO
A28: EMP129 | B28: =B27 -> Ashley | C28: Wilson | D28: SAL05 | E28: =UPPER(TRIM(D28)) -> SAL05 | F28: =_xlfn.XLOOKUP(E28,Lookup_Departments!A:A,Lookup_Departments!B:B) -> Sales | G28: 43732 | H28: 77610 | I28: 88 | J28: =_xlfn.XLOOKUP(I28,Lookup_Performance!A:A, Lookup_Performance!C:C, , -1) -> Exceeding | K28: Active | L28: =UPPER(TRIM(K28)) -> ACTIVE | M28: =DATEDIF(G28, TODAY(), "Y") -> 6 | N28: =_xlfn.XLOOKUP(J:J,Lookup_Performance!C:C,Lookup_Performance!D:D, "Not Found") -> 0.08 | O28: =N28*H28 -> 6208.8 | P28: =IF(OR(ISNUMBER(SEARCH("LEFT",L28)), ISNUMBER(SEARCH("RESIGN", L28))), "YES", "NO") -> NO
A29: EMP146 | B29: John | C29: Rodriguez | D29: it02 | E29: =UPPER(TRIM(D29)) -> IT02 | F29: =_xlfn.XLOOKUP(E29,Lookup_Departments!A:A,Lookup_Departments!B:B) -> Information Technology | G29: 44765 | H29: 50873 | I29: 90 | J29: =_xlfn.XLOOKUP(I29,Lookup_Performance!A:A, Lookup_Performance!C:C, , -1) -> Exceeding | K29: Active | L29: =UPPER(TRIM(K29)) -> ACTIVE | M29: =DATEDIF(G29, TODAY(), "Y") -> 3 | N29: =_xlfn.XLOOKUP(J:J,Lookup_Performance!C:C,Lookup_Performance!D:D, "Not Found") -> 0.08 | O29: =N29*H29 -> 4069.84 | P29: =IF(OR(ISNUMBER(SEARCH("LEFT",L29)), ISNUMBER(SEARCH("RESIGN", L29))), "YES", "NO") -> NO
A30: EMP099 | B30: Thomas | C30: Wilson | D30: fin03 | E30: =UPPER(TRIM(D30)) -> FIN03 | F30: =_xlfn.XLOOKUP(E30,Lookup_Departments!A:A,Lookup_Departments!B:B) -> Finance | G30: 43233 | H30: 85312 | I30: 66 | J30: =_xlfn.XLOOKUP(I30,Lookup_Performance!A:A, Lookup_Performance!C:C, , -1) -> Developing | K30: active | L30: =UPPER(TRIM(K30)) -> ACTIVE | M30: =DATEDIF(G30, TODAY(), "Y") -> 8 | N30: =_xlfn.XLOOKUP(J:J,Lookup_Performance!C:C,Lookup_Performance!D:D, "Not Found") -> 0.02 | O30: =N30*H30 -> 1706.24 | P30: =IF(OR(ISNUMBER(SEARCH("LEFT",L30)), ISNUMBER(SEARCH("RESIGN", L30))), "YES", "NO") -> NO
A31: EMP015 | B31: Michael | C31: Rodriguez | D31: SAL05 | E31: =UPPER(TRIM(D31)) -> SAL05 | F31: =_xlfn.XLOOKUP(E31,Lookup_Departments!A:A,Lookup_Departments!B:B) -> Sales | G31: 42202 | H31: 83603.93 | I31: 68 | J31: =_xlfn.XLOOKUP(I31,Lookup_Performance!A:A, Lookup_Performance!C:C, , -1) -> Developing | K31: active | L31: =UPPER(TRIM(K31)) -> ACTIVE | M31: =DATEDIF(G31, TODAY(), "Y") -> 10 | N31: =_xlfn.XLOOKUP(J:J,Lookup_Performance!C:C,Lookup_Performance!D:D, "Not Found") -> 0.02 | O31: =N31*H31 -> 1672.0786 | P31: =IF(OR(ISNUMBER(SEARCH("LEFT",L31)), ISNUMBER(SEARCH("RESIGN", L31))), "YES", "NO") -> NO
A32: EMP076 | B32: John | C32: Hernandez | D32: OPS06 | E32: =UPPER(TRIM(D32)) -> OPS06 | F32: =_xlfn.XLOOKUP(E32,Lookup_Departments!A:A,Lookup_Departments!B:B) -> Operations | G32: 42221 | H32: 97055 | I32: 80 | J32: =_xlfn.XLOOKUP(I32,Lookup_Performance!A:A, Lookup_Performance!C:C, , -1) -> Achieving | K32: Active | L32: =UPPER(TRIM(K32)) -> ACTIVE | M32: =DATEDIF(G32, TODAY(), "Y") -> 10 | N32: =_xlfn.XLOOKUP(J:J,Lookup_Performance!C:C,Lookup_Performance!D:D, "Not Found") -> 0.05 | O32: =N32*H32 -> 4852.75 | P32: =IF(OR(ISNUMBER(SEARCH("LEFT",L32)), ISNUMBER(SEARCH("RESIGN", L32))), "YES", "NO") -> NO
A33: EMP137 | B33: Thomas | C33: Johnson | D33: IT02 | E33: =UPPER(TRIM(D33)) -> IT02 | F33: =_xlfn.XLOOKUP(E33,Lookup_Departments!A:A,Lookup_Departments!B:B) -> Information Technology | G33: 45195 | H33: 66069 | I33: 72 | J33: =_xlfn.XLOOKUP(I33,Lookup_Performance!A:A, Lookup_Performance!C:C, , -1) -> Achieving | K33: Active | L33: =UPPER(TRIM(K33)) -> ACTIVE | M33: =DATEDIF(G33, TODAY(), "Y") -> 2 | N33: =_xlfn.XLOOKUP(J:J,Lookup_Performance!C:C,Lookup_Performance!D:D, "Not Found") -> 0.05 | O33: =N33*H33 -> 3303.45 | P33: =IF(OR(ISNUMBER(SEARCH("LEFT",L33)), ISNUMBER(SEARCH("RESIGN", L33))), "YES", "NO") -> NO
A34: EMP056 | B34: Michael | C34: Brown | D34: it02 | E34: =UPPER(TRIM(D34)) -> IT02 | F34: =_xlfn.XLOOKUP(E34,Lookup_Departments!A:A,Lookup_Departments!B:B) -> Information Technology | G34: 43626 | H34: 90157 | I34: 58 | J34: =_xlfn.XLOOKUP(I34,Lookup_Performance!A:A, Lookup_Performance!C:C, , -1) -> Developing | K34: active | L34: =UPPER(TRIM(K34)) -> ACTIVE | M34: =DATEDIF(G34, TODAY(), "Y") -> 7 | N34: =_xlfn.XLOOKUP(J:J,Lookup_Performance!C:C,Lookup_Performance!D:D, "Not Found") -> 0.02 | O34: =N34*H34 -> 1803.14 | P34: =IF(OR(ISNUMBER(SEARCH("LEFT",L34)), ISNUMBER(SEARCH("RESIGN", L34))), "YES", "NO") -> NO
A35: EMP125 | B35: Sarah | C35: Martinez | D35: HR01 | E35: =UPPER(TRIM(D35)) -> HR01 | F35: =_xlfn.XLOOKUP(E35,Lookup_Departments!A:A,Lookup_Departments!B:B) -> Human Resources | G35: 44578 | H35: 59899 | I35: 78 | J35: =_xlfn.XLOOKUP(I35,Lookup_Performance!A:A, Lookup_Performance!C:C, , -1) -> Achieving | K35: Active | L35: =UPPER(TRIM(K35)) -> ACTIVE | M35: =DATEDIF(G35, TODAY(), "Y") -> 4 | N35: =_xlfn.XLOOKUP(J:J,Lookup_Performance!C:C,Lookup_Performance!D:D, "Not Found") -> 0.05 | O35: =N35*H35 -> 2994.95 | P35: =IF(OR(ISNUMBER(SEARCH("LEFT",L35)), ISNUMBER(SEARCH("RESIGN", L35))), "YES", "NO") -> NO
A36: EMP085 | B36: Jane | C36: Jones | D36: FIN03 | E36: =UPPER(TRIM(D36)) -> FIN03 | F36: =_xlfn.XLOOKUP(E36,Lookup_Departments!A:A,Lookup_Departments!B:B) -> Finance | G36: 42919 | H36: 113389 | I36: 30 | J36: =_xlfn.XLOOKUP(I36,Lookup_Performance!A:A, Lookup_Performance!C:C, , -1) -> Needs Improvement | K36: ACTIVE | L36: =UPPER(TRIM(K36)) -> ACTIVE | M36: =DATEDIF(G36, TODAY(), "Y") -> 9 | N36: =_xlfn.XLOOKUP(J:J,Lookup_Performance!C:C,Lookup_Performance!D:D, "Not Found") -> 0 | O36: =N36*H36 -> 0 | P36: =IF(OR(ISNUMBER(SEARCH("LEFT",L36)), ISNUMBER(SEARCH("RESIGN", L36))), "YES", "NO") -> NO
A37: EMP106 | B37: Emily | C37: Brown | D37: IT02 | E37: =UPPER(TRIM(D37)) -> IT02 | F37: =_xlfn.XLOOKUP(E37,Lookup_Departments!A:A,Lookup_Departments!B:B) -> Information Technology | G37: 42248 | H37: 102691 | I37: 52 | J37: =_xlfn.XLOOKUP(I37,Lookup_Performance!A:A, Lookup_Performance!C:C, , -1) -> Developing | K37: Active | L37: =UPPER(TRIM(K37)) -> ACTIVE | M37: =DATEDIF(G37, TODAY(), "Y") -> 10 | N37: =_xlfn.XLOOKUP(J:J,Lookup_Performance!C:C,Lookup_Performance!D:D, "Not Found") -> 0.02 | O37: =N37*H37 -> 2053.82 | P37: =IF(OR(ISNUMBER(SEARCH("LEFT",L37)), ISNUMBER(SEARCH("RESIGN", L37))), "YES", "NO") -> NO
A38: EMP043 | B38: =B37 -> Emily | C38: Wilson | D38: OPS06 | E38: =UPPER(TRIM(D38)) -> OPS06 | F38: =_xlfn.XLOOKUP(E38,Lookup_Departments!A:A,Lookup_Departments!B:B) -> Operations | G38: 44776 | H38: 111845 | I38: 98 | J38: =_xlfn.XLOOKUP(I38,Lookup_Performance!A:A, Lookup_Performance!C:C, , -1) -> Outstanding | K38: active | L38: =UPPER(TRIM(K38)) -> ACTIVE | M38: =DATEDIF(G38, TODAY(), "Y") -> 3 | N38: =_xlfn.XLOOKUP(J:J,Lookup_Performance!C:C,Lookup_Performance!D:D, "Not Found") -> 0.12 | O38: =N38*H38 -> 13421.4 | P38: =IF(OR(ISNUMBER(SEARCH("LEFT",L38)), ISNUMBER(SEARCH("RESIGN", L38))), "YES", "NO") -> NO
A39: EMP068 | B39: John | C39: Brown | D39: SAL05 | E39: =UPPER(TRIM(D39)) -> SAL05 | F39: =_xlfn.XLOOKUP(E39,Lookup_Departments!A:A,Lookup_Departments!B:B) -> Sales | G39: 44741 | H39: 69219 | I39: 93 | J39: =_xlfn.XLOOKUP(I39,Lookup_Performance!A:A, Lookup_Performance!C:C, , -1) -> Exceeding | K39: Active | L39: =UPPER(TRIM(K39)) -> ACTIVE | M39: =DATEDIF(G39, TODAY(), "Y") -> 4 | N39: =_xlfn.XLOOKUP(J:J,Lookup_Performance!C:C,Lookup_Performance!D:D, "Not Found") -> 0.08 | O39: =N39*H39 -> 5537.52 | P39: =IF(OR(ISNUMBER(SEARCH("LEFT",L39)), ISNUMBER(SEARCH("RESIGN", L39))), "YES", "NO") -> NO
A40: EMP128 | B40: Melissa | C40: Smith | D40: FIN03 | E40: =UPPER(TRIM(D40)) -> FIN03 | F40: =_xlfn.XLOOKUP(E40,Lookup_Departments!A:A,Lookup_Departments!B:B) -> Finance | G40: 43949 | H40: 83603.93 | I40: 80 | J40: =_xlfn.XLOOKUP(I40,Lookup_Performance!A:A, Lookup_Performance!C:C, , -1) -> Achieving | K40: left | L40: =UPPER(TRIM(K40)) -> LEFT | M40: =DATEDIF(G40, TODAY(), "Y") -> 6 | N40: =_xlfn.XLOOKUP(J:J,Lookup_Performance!C:C,Lookup_Performance!D:D, "Not Found") -> 0.05 | O40: =N40*H40 -> 4180.1965 | P40: =IF(OR(ISNUMBER(SEARCH("LEFT",L40)), ISNUMBER(SEARCH("RESIGN", L40))), "YES", "NO") -> YES
A41: EMP027 | B41: Michael | C41: Miller | D41: OPS06 | E41: =UPPER(TRIM(D41)) -> OPS06 | F41: =_xlfn.XLOOKUP(E41,Lookup_Departments!A:A,Lookup_Departments!B:B) -> Operations | G41: 42987 | H41: 57514 | I41: 68 | J41: =_xlfn.XLOOKUP(I41,Lookup_Performance!A:A, Lookup_Performance!C:C, , -1) -> Developing | K41: active | L41: =UPPER(TRIM(K41)) -> ACTIVE | M41: =DATEDIF(G41, TODAY(), "Y") -> 8 | N41: =_xlfn.XLOOKUP(J:J,Lookup_Performance!C:C,Lookup_Performance!D:D, "Not Found") -> 0.02 | O41: =N41*H41 -> 1150.28 | P41: =IF(OR(ISNUMBER(SEARCH("LEFT",L41)), ISNUMBER(SEARCH("RESIGN", L41))), "YES", "NO") -> NO
A42: EMP136 | B42: Sarah | C42: Wilson | D42: SAL05 | E42: =UPPER(TRIM(D42)) -> SAL05 | F42: =_xlfn.XLOOKUP(E42,Lookup_Departments!A:A,Lookup_Departments!B:B) -> Sales | G42: 43181 | H42: 86245 | I42: 71 | J42: =_xlfn.XLOOKUP(I42,Lookup_Performance!A:A, Lookup_Performance!C:C, , -1) -> Achieving | K42: LEFT | L42: =UPPER(TRIM(K42)) -> LEFT | M42: =DATEDIF(G42, TODAY(), "Y") -> 8 | N42: =_xlfn.XLOOKUP(J:J,Lookup_Performance!C:C,Lookup_Performance!D:D, "Not Found") -> 0.05 | O42: =N42*H42 -> 4312.25 | P42: =IF(OR(ISNUMBER(SEARCH("LEFT",L42)), ISNUMBER(SEARCH("RESIGN", L42))), "YES", "NO") -> YES
A43: EMP079 | B43: Emily | C43: Hernandez | D43: SAL05 | E43: =UPPER(TRIM(D43)) -> SAL05 | F43: =_xlfn.XLOOKUP(E43,Lookup_Departments!A:A,Lookup_Departments!B:B) -> Sales | G43: 43958 | H43: 52407 | I43: 55 | J43: =_xlfn.XLOOKUP(I43,Lookup_Performance!A:A, Lookup_Performance!C:C, , -1) -> Developing | K43: active | L43: =UPPER(TRIM(K43)) -> ACTIVE | M43: =DATEDIF(G43, TODAY(), "Y") -> 6 | N43: =_xlfn.XLOOKUP(J:J,Lookup_Performance!C:C,Lookup_Performance!D:D, "Not Found") -> 0.02 | O43: =N43*H43 -> 1048.14 | P43: =IF(OR(ISNUMBER(SEARCH("LEFT",L43)), ISNUMBER(SEARCH("RESIGN", L43))), "YES", "NO") -> NO
A44: EMP149 | B44: David | C44: Smith | D44: OPS06 | E44: =UPPER(TRIM(D44)) -> OPS06 | F44: =_xlfn.XLOOKUP(E44,Lookup_Departments!A:A,Lookup_Departments!B:B) -> Operations | G44: 43549 | H44: 66606 | I44: 93 | J44: =_xlfn.XLOOKUP(I44,Lookup_Performance!A:A, Lookup_Performance!C:C, , -1) -> Exceeding | K44: Resigned | L44: =UPPER(TRIM(K44)) -> RESIGNED | M44: =DATEDIF(G44, TODAY(), "Y") -> 7 | N44: =_xlfn.XLOOKUP(J:J,Lookup_Performance!C:C,Lookup_Performance!D:D, "Not Found") -> 0.08 | O44: =N44*H44 -> 5328.48 | P44: =IF(OR(ISNUMBER(SEARCH("LEFT",L44)), ISNUMBER(SEARCH("RESIGN", L44))), "YES", "NO") -> YES
A45: EMP037 | B45: James | C45: Williams | D45: IT02 | E45: =UPPER(TRIM(D45)) -> IT02 | F45: =_xlfn.XLOOKUP(E45,Lookup_Departments!A:A,Lookup_Departments!B:B) -> Information Technology | G45: 43686 | H45: 81896 | I45: 79 | J45: =_xlfn.XLOOKUP(I45,Lookup_Performance!A:A, Lookup_Performance!C:C, , -1) -> Achieving | K45: Resigned | L45: =UPPER(TRIM(K45)) -> RESIGNED | M45: =DATEDIF(G45, TODAY(), "Y") -> 6 | N45: =_xlfn.XLOOKUP(J:J,Lookup_Performance!C:C,Lookup_Performance!D:D, "Not Found") -> 0.05 | O45: =N45*H45 -> 4094.8 | P45: =IF(OR(ISNUMBER(SEARCH("LEFT",L45)), ISNUMBER(SEARCH("RESIGN", L45))), "YES", "NO") -> YES
A46: EMP077 | B46: Sarah | C46: Lopez | D46: SAL05 | E46: =UPPER(TRIM(D46)) -> SAL05 | F46: =_xlfn.XLOOKUP(E46,Lookup_Departments!A:A,Lookup_Departments!B:B) -> Sales | G46: 42565 | H46: 78402 | I46: 54 | J46: =_xlfn.XLOOKUP(I46,Lookup_Performance!A:A, Lookup_Performance!C:C, , -1) -> Developing | K46: ACTIVE | L46: =UPPER(TRIM(K46)) -> ACTIVE | M46: =DATEDIF(G46, TODAY(), "Y") -> 9 | N46: =_xlfn.XLOOKUP(J:J,Lookup_Performance!C:C,Lookup_Performance!D:D, "Not Found") -> 0.02 | O46: =N46*H46 -> 1568.04 | P46: =IF(OR(ISNUMBER(SEARCH("LEFT",L46)), ISNUMBER(SEARCH("RESIGN", L46))), "YES", "NO") -> NO
A47: EMP023 | B47: Amanda | C47: Lopez | D47: OPS06 | E47: =UPPER(TRIM(D47)) -> OPS06 | F47: =_xlfn.XLOOKUP(E47,Lookup_Departments!A:A,Lookup_Departments!B:B) -> Operations | G47: 42647 | H47: 105498 | I47: 76 | J47: =_xlfn.XLOOKUP(I47,Lookup_Performance!A:A, Lookup_Performance!C:C, , -1) -> Achieving | K47: active | L47: =UPPER(TRIM(K47)) -> ACTIVE | M47: =DATEDIF(G47, TODAY(), "Y") -> 9 | N47: =_xlfn.XLOOKUP(J:J,Lookup_Performance!C:C,Lookup_Performance!D:D, "Not Found") -> 0.05 | O47: =N47*H47 -> 5274.9 | P47: =IF(OR(ISNUMBER(SEARCH("LEFT",L47)), ISNUMBER(SEARCH("RESIGN", L47))), "YES", "NO") -> NO
A48: EMP133 | B48: Thomas | C48: Johnson | D48: MKT04 | E48: =UPPER(TRIM(D48)) -> MKT04 | F48: =_xlfn.XLOOKUP(E48,Lookup_Departments!A:A,Lookup_Departments!B:B) -> Marketing | G48: 43656 | H48: 91749 | I48: 72 | J48: =_xlfn.XLOOKUP(I48,Lookup_Performance!A:A, Lookup_Performance!C:C, , -1) -> Achieving | K48: left | L48: =UPPER(TRIM(K48)) -> LEFT | M48: =DATEDIF(G48, TODAY(), "Y") -> 6 | N48: =_xlfn.XLOOKUP(J:J,Lookup_Performance!C:C,Lookup_Performance!D:D, "Not Found") -> 0.05 | O48: =N48*H48 -> 4587.45 | P48: =IF(OR(ISNUMBER(SEARCH("LEFT",L48)), ISNUMBER(SEARCH("RESIGN", L48))), "YES", "NO") -> YES
A49: EMP141 | B49: Melissa | C49: Johnson | D49: OPS06 | E49: =UPPER(TRIM(D49)) -> OPS06 | F49: =_xlfn.XLOOKUP(E49,Lookup_Departments!A:A,Lookup_Departments!B:B) -> Operations | G49: 44437 | H49: 99935 | I49: 84 | J49: =_xlfn.XLOOKUP(I49,Lookup_Performance!A:A, Lookup_Performance!C:C, , -1) -> Achieving | K49: Resigned | L49: =UPPER(TRIM(K49)) -> RESIGNED | M49: =DATEDIF(G49, TODAY(), "Y") -> 4 | N49: =_xlfn.XLOOKUP(J:J,Lookup_Performance!C:C,Lookup_Performance!D:D, "Not Found") -> 0.05 | O49: =N49*H49 -> 4996.75 | P49: =IF(OR(ISNUMBER(SEARCH("LEFT",L49)), ISNUMBER(SEARCH("RESIGN", L49))), "YES", "NO") -> YES
A50: EMP012 | B50: Amanda | C50: Davis | D50: IT02 | E50: =UPPER(TRIM(D50)) -> IT02 | F50: =_xlfn.XLOOKUP(E50,Lookup_Departments!A:A,Lookup_Departments!B:B) -> Information Technology | G50: 42761 | H50: 83531 | I50: 30 | J50: =_xlfn.XLOOKUP(I50,Lookup_Performance!A:A, Lookup_Performance!C:C, , -1) -> Needs Improvement | K50: left | L50: =UPPER(TRIM(K50)) -> LEFT | M50: =DATEDIF(G50, TODAY(), "Y") -> 9 | N50: =_xlfn.XLOOKUP(J:J,Lookup_Performance!C:C,Lookup_Performance!D:D, "Not Found") -> 0 | O50: =N50*H50 -> 0 | P50: =IF(OR(ISNUMBER(SEARCH("LEFT",L50)), ISNUMBER(SEARCH("RESIGN", L50))), "YES", "NO") -> YES
... A99: EMP078 | B99: William | C99: Johnson | D99: SAL05 | E99: =UPPER(TRIM(D99)) -> SAL05 | F99: =_xlfn.XLOOKUP(E99,Lookup_Departments!A:A,Lookup_Departments!B:B) -> Sales | G99: 44081 | H99: 95292 | I99: 34 | J99: =_xlfn.XLOOKUP(I99,Lookup_Performance!A:A, Lookup_Performance!C:C, , -1) -> Needs Improvement | K99: active | L99: =UPPER(TRIM(K99)) -> ACTIVE | M99: =DATEDIF(G99, TODAY(), "Y") -> 5 | N99: =_xlfn.XLOOKUP(J:J,Lookup_Performance!C:C,Lookup_Performance!D:D, "Not Found") -> 0 | O99: =N99*H99 -> 0 | P99: =IF(OR(ISNUMBER(SEARCH("LEFT",L99)), ISNUMBER(SEARCH("RESIGN", L99))), "YES", "NO") -> NO
A100: EMP035 | B100: =B99 -> William | C100: Jones | D100: IT02 | E100: =UPPER(TRIM(D100)) -> IT02 | F100: =_xlfn.XLOOKUP(E100,Lookup_Departments!A:A,Lookup_Departments!B:B) -> Information Technology | G100: 43532 | H100: 83603.93 | I100: 33 | J100: =_xlfn.XLOOKUP(I100,Lookup_Performance!A:A, Lookup_Performance!C:C, , -1) -> Needs Improvement | K100: active | L100: =UPPER(TRIM(K100)) -> ACTIVE | M100: =DATEDIF(G100, TODAY(), "Y") -> 7 | N100: =_xlfn.XLOOKUP(J:J,Lookup_Performance!C:C,Lookup_Performance!D:D, "Not Found") -> 0 | O100: =N100*H100 -> 0 | P100: =IF(OR(ISNUMBER(SEARCH("LEFT",L100)), ISNUMBER(SEARCH("RESIGN", L100))), "YES", "NO") -> NO
A101: EMP047 | B101: John | C101: Lopez | D101: MKT04 | E101: =UPPER(TRIM(D101)) -> MKT04 | F101: =_xlfn.XLOOKUP(E101,Lookup_Departments!A:A,Lookup_Departments!B:B) -> Marketing | G101: 42074 | H101: 101750 | I101: 84 | J101: =_xlfn.XLOOKUP(I101,Lookup_Performance!A:A, Lookup_Performance!C:C, , -1) -> Achieving | K101: left | L101: =UPPER(TRIM(K101)) -> LEFT | M101: =DATEDIF(G101, TODAY(), "Y") -> 11 | N101: =_xlfn.XLOOKUP(J:J,Lookup_Performance!C:C,Lookup_Performance!D:D, "Not Found") -> 0.05 | O101: =N101*H101 -> 5087.5 | P101: =IF(OR(ISNUMBER(SEARCH("LEFT",L101)), ISNUMBER(SEARCH("RESIGN", L101))), "YES", "NO") -> YES
A102: EMP008 | B102: Jane | C102: Gonzalez | D102: mkt04 | E102: =UPPER(TRIM(D102)) -> MKT04 | F102: =_xlfn.XLOOKUP(E102,Lookup_Departments!A:A,Lookup_Departments!B:B) -> Marketing | G102: 42785 | H102: 82992 | I102: 79 | J102: =_xlfn.XLOOKUP(I102,Lookup_Performance!A:A, Lookup_Performance!C:C, , -1) -> Achieving | K102: Active | L102: =UPPER(TRIM(K102)) -> ACTIVE | M102: =DATEDIF(G102, TODAY(), "Y") -> 9 | N102: =_xlfn.XLOOKUP(J:J,Lookup_Performance!C:C,Lookup_Performance!D:D, "Not Found") -> 0.05 | O102: =N102*H102 -> 4149.6 | P102: =IF(OR(ISNUMBER(SEARCH("LEFT",L102)), ISNUMBER(SEARCH("RESIGN", L102))), "YES", "NO") -> NO
A103: EMP044 | B103: John | C103: Davis | D103: IT02 | E103: =UPPER(TRIM(D103)) -> IT02 | F103: =_xlfn.XLOOKUP(E103,Lookup_Departments!A:A,Lookup_Departments!B:B) -> Information Technology | G103: 45055 | H103: 49942 | I103: 51 | J103: =_xlfn.XLOOKUP(I103,Lookup_Performance!A:A, Lookup_Performance!C:C, , -1) -> Developing | K103: active | L103: =UPPER(TRIM(K103)) -> ACTIVE | M103: =DATEDIF(G103, TODAY(), "Y") -> 3 | N103: =_xlfn.XLOOKUP(J:J,Lookup_Performance!C:C,Lookup_Performance!D:D, "Not Found") -> 0.02 | O103: =N103*H103 -> 998.84 | P103: =IF(OR(ISNUMBER(SEARCH("LEFT",L103)), ISNUMBER(SEARCH("RESIGN", L103))), "YES", "NO") -> NO
A104: EMP071 | B104: Jane | C104: Smith | D104: OPS06 | E104: =UPPER(TRIM(D104)) -> OPS06 | F104: =_xlfn.XLOOKUP(E104,Lookup_Departments!A:A,Lookup_Departments!B:B) -> Operations | G104: 43122 | H104: 89060 | I104: 58 | J104: =_xlfn.XLOOKUP(I104,Lookup_Performance!A:A, Lookup_Performance!C:C, , -1) -> Developing | K104: active | L104: =UPPER(TRIM(K104)) -> ACTIVE | M104: =DATEDIF(G104, TODAY(), "Y") -> 8 | N104: =_xlfn.XLOOKUP(J:J,Lookup_Performance!C:C,Lookup_Performance!D:D, "Not Found") -> 0.02 | O104: =N104*H104 -> 1781.2 | P104: =IF(OR(ISNUMBER(SEARCH("LEFT",L104)), ISNUMBER(SEARCH("RESIGN", L104))), "YES", "NO") -> NO
A105: EMP115 | B105: Melissa | C105: Gonzalez | D105: IT02 | E105: =UPPER(TRIM(D105)) -> IT02 | F105: =_xlfn.XLOOKUP(E105,Lookup_Departments!A:A,Lookup_Departments!B:B) -> Information Technology | G105: 43879 | H105: 53786 | I105: 98 | J105: =_xlfn.XLOOKUP(I105,Lookup_Performance!A:A, Lookup_Performance!C:C, , -1) -> Outstanding | K105: Active | L105: =UPPER(TRIM(K105)) -> ACTIVE | M105: =DATEDIF(G105, TODAY(), "Y") -> 6 | N105: =_xlfn.XLOOKUP(J:J,Lookup_Performance!C:C,Lookup_Performance!D:D, "Not Found") -> 0.12 | O105: =N105*H105 -> 6454.32 | P105: =IF(OR(ISNUMBER(SEARCH("LEFT",L105)), ISNUMBER(SEARCH("RESIGN", L105))), "YES", "NO") -> NO
A106: EMP092 | B106: William | C106: Johnson | D106: OPS06 | E106: =UPPER(TRIM(D106)) -> OPS06 | F106: =_xlfn.XLOOKUP(E106,Lookup_Departments!A:A,Lookup_Departments!B:B) -> Operations | G106: 42512 | H106: 81167 | I106: 68 | J106: =_xlfn.XLOOKUP(I106,Lookup_Performance!A:A, Lookup_Performance!C:C, , -1) -> Developing | K106: Active | L106: =UPPER(TRIM(K106)) -> ACTIVE | M106: =DATEDIF(G106, TODAY(), "Y") -> 10 | N106: =_xlfn.XLOOKUP(J:J,Lookup_Performance!C:C,Lookup_Performance!D:D, "Not Found") -> 0.02 | O106: =N106*H106 -> 1623.34 | P106: =IF(OR(ISNUMBER(SEARCH("LEFT",L106)), ISNUMBER(SEARCH("RESIGN", L106))), "YES", "NO") -> NO
A107: EMP084 | B107: John | C107: Williams | D107: MKT04 | E107: =UPPER(TRIM(D107)) -> MKT04 | F107: =_xlfn.XLOOKUP(E107,Lookup_Departments!A:A,Lookup_Departments!B:B) -> Marketing | G107: 44349 | H107: 66688 | I107: 40 | J107: =_xlfn.XLOOKUP(I107,Lookup_Performance!A:A, Lookup_Performance!C:C, , -1) -> Needs Improvement | K107: left | L107: =UPPER(TRIM(K107)) -> LEFT | M107: =DATEDIF(G107, TODAY(), "Y") -> 5 | N107: =_xlfn.XLOOKUP(J:J,Lookup_Performance!C:C,Lookup_Performance!D:D, "Not Found") -> 0 | O107: =N107*H107 -> 0 | P107: =IF(OR(ISNUMBER(SEARCH("LEFT",L107)), ISNUMBER(SEARCH("RESIGN", L107))), "YES", "NO") -> YES
A108: EMP142 | B108: James | C108: Jones | D108: IT02 | E108: =UPPER(TRIM(D108)) -> IT02 | F108: =_xlfn.XLOOKUP(E108,Lookup_Departments!A:A,Lookup_Departments!B:B) -> Information Technology | G108: 44394 | H108: 91672 | I108: 88 | J108: =_xlfn.XLOOKUP(I108,Lookup_Performance!A:A, Lookup_Performance!C:C, , -1) -> Exceeding | K108: ACTIVE | L108: =UPPER(TRIM(K108)) -> ACTIVE | M108: =DATEDIF(G108, TODAY(), "Y") -> 4 | N108: =_xlfn.XLOOKUP(J:J,Lookup_Performance!C:C,Lookup_Performance!D:D, "Not Found") -> 0.08 | O108: =N108*H108 -> 7333.76 | P108: =IF(OR(ISNUMBER(SEARCH("LEFT",L108)), ISNUMBER(SEARCH("RESIGN", L108))), "YES", "NO") -> NO
A109: EMP143 | B109: Emily | C109: Gonzalez | D109: HR01 | E109: =UPPER(TRIM(D109)) -> HR01 | F109: =_xlfn.XLOOKUP(E109,Lookup_Departments!A:A,Lookup_Departments!B:B) -> Human Resources | G109: 42687 | H109: 77737 | I109: 77 | J109: =_xlfn.XLOOKUP(I109,Lookup_Performance!A:A, Lookup_Performance!C:C, , -1) -> Achieving | K109: active | L109: =UPPER(TRIM(K109)) -> ACTIVE | M109: =DATEDIF(G109, TODAY(), "Y") -> 9 | N109: =_xlfn.XLOOKUP(J:J,Lookup_Performance!C:C,Lookup_Performance!D:D, "Not Found") -> 0.05 | O109: =N109*H109 -> 3886.85 | P109: =IF(OR(ISNUMBER(SEARCH("LEFT",L109)), ISNUMBER(SEARCH("RESIGN", L109))), "YES", "NO") -> NO
A110: EMP090 | B110: William | C110: Miller | D110: SAL05 | E110: =UPPER(TRIM(D110)) -> SAL05 | F110: =_xlfn.XLOOKUP(E110,Lookup_Departments!A:A,Lookup_Departments!B:B) -> Sales | G110: 43513 | H110: 95686 | I110: 91 | J110: =_xlfn.XLOOKUP(I110,Lookup_Performance!A:A, Lookup_Performance!C:C, , -1) -> Exceeding | K110: active | L110: =UPPER(TRIM(K110)) -> ACTIVE | M110: =DATEDIF(G110, TODAY(), "Y") -> 7 | N110: =_xlfn.XLOOKUP(J:J,Lookup_Performance!C:C,Lookup_Performance!D:D, "Not Found") -> 0.08 | O110: =N110*H110 -> 7654.88 | P110: =IF(OR(ISNUMBER(SEARCH("LEFT",L110)), ISNUMBER(SEARCH("RESIGN", L110))), "YES", "NO") -> NO
A111: EMP009 | B111: James | C111: Smith | D111: SAL05 | E111: =UPPER(TRIM(D111)) -> SAL05 | F111: =_xlfn.XLOOKUP(E111,Lookup_Departments!A:A,Lookup_Departments!B:B) -> Sales | G111: 42625 | H111: 114681 | I111: 36 | J111: =_xlfn.XLOOKUP(I111,Lookup_Performance!A:A, Lookup_Performance!C:C, , -1) -> Needs Improvement | K111: ACTIVE | L111: =UPPER(TRIM(K111)) -> ACTIVE | M111: =DATEDIF(G111, TODAY(), "Y") -> 9 | N111: =_xlfn.XLOOKUP(J:J,Lookup_Performance!C:C,Lookup_Performance!D:D, "Not Found") -> 0 | O111: =N111*H111 -> 0 | P111: =IF(OR(ISNUMBER(SEARCH("LEFT",L111)), ISNUMBER(SEARCH("RESIGN", L111))), "YES", "NO") -> NO
A112: EMP014 | B112: Jessica | C112: Jones | D112: OPS06 | E112: =UPPER(TRIM(D112)) -> OPS06 | F112: =_xlfn.XLOOKUP(E112,Lookup_Departments!A:A,Lookup_Departments!B:B) -> Operations | G112: 44421 | H112: 109121 | I112: 72 | J112: =_xlfn.XLOOKUP(I112,Lookup_Performance!A:A, Lookup_Performance!C:C, , -1) -> Achieving | K112: Active | L112: =UPPER(TRIM(K112)) -> ACTIVE | M112: =DATEDIF(G112, TODAY(), "Y") -> 4 | N112: =_xlfn.XLOOKUP(J:J,Lookup_Performance!C:C,Lookup_Performance!D:D, "Not Found") -> 0.05 | O112: =N112*H112 -> 5456.05 | P112: =IF(OR(ISNUMBER(SEARCH("LEFT",L112)), ISNUMBER(SEARCH("RESIGN", L112))), "YES", "NO") -> NO
... A150: EMP093 | B150: Richard | C150: Rodriguez | D150: MKT04 | E150: =UPPER(TRIM(D150)) -> MKT04 | F150: =_xlfn.XLOOKUP(E150,Lookup_Departments!A:A,Lookup_Departments!B:B) -> Marketing | G150: 42677 | H150: 93094 | I150: 74 | J150: =_xlfn.XLOOKUP(I150,Lookup_Performance!A:A, Lookup_Performance!C:C, , -1) -> Achieving | K150: active | L150: =UPPER(TRIM(K150)) -> ACTIVE | M150: =DATEDIF(G150, TODAY(), "Y") -> 9 | N150: =_xlfn.XLOOKUP(J:J,Lookup_Performance!C:C,Lookup_Performance!D:D, "Not Found") -> 0.05 | O150: =N150*H150 -> 4654.7 | P150: =IF(OR(ISNUMBER(SEARCH("LEFT",L150)), ISNUMBER(SEARCH("RESIGN", L150))), "YES", "NO") -> NO
A151: EMP103 | B151: =B150 -> Richard | C151: Brown | D151: IT02 | E151: =UPPER(TRIM(D151)) -> IT02 | F151: =_xlfn.XLOOKUP(E151,Lookup_Departments!A:A,Lookup_Departments!B:B) -> Information Technology | G151: 44848 | H151: 118634 | I151: 91 | J151: =_xlfn.XLOOKUP(I151,Lookup_Performance!A:A, Lookup_Performance!C:C, , -1) -> Exceeding | K151: ACTIVE | L151: =UPPER(TRIM(K151)) -> ACTIVE | M151: =DATEDIF(G151, TODAY(), "Y") -> 3 | N151: =_xlfn.XLOOKUP(J:J,Lookup_Performance!C:C,Lookup_Performance!D:D, "Not Found") -> 0.08 | O151: =N151*H151 -> 9490.72 | P151: =IF(OR(ISNUMBER(SEARCH("LEFT",L151)), ISNUMBER(SEARCH("RESIGN", L151))), "YES", "NO") -> NO
